,0
143287.46583716414,3
141981.01103379924,0
29909.233217529003,11
31779778.396353513,5
468224.6438516339,8
18735.496889866503,1
158988.43881389813,10
275780.4558368518,14
392209.73156823026,14
3413447.0936623258,11
3166414.23408181,11
13437.407588666103,13
22106.475064419137,3
22471.8114952401,1
216374.43330720795,13
50558.0664810699,1
165237.5149335824,3
184718.18298543908,13
65884.7258161144,6
646082.4997065108,8
59880.1236053447,13
2132581.697345891,12
23709.723737378194,1
20057.018312963322,1
344121.48086270865,1
49211.93682867659,2
177744.8609896209,2
330312.79061651486,12
89898.1567919571,13
215909.5382871469,1
520452.4186852636,3
40445.43139514372,3
543237.0792929316,4
22684.173657106683,2
4142628.040351506,11
279846330.9155231,9
392505.02859891194,10
865821.3255972286,12
123717.88323209675,10
33687.37170768878,2
1289747.0259738367,12
315651.58531020366,10
265203.3691572258,4
33687.37170768878,2
54513085.90238289,5
255761.12012002573,4
4123241.741516945,11
33687.37170768878,2
33687.37170768878,2
137416.9858134373,14
106192.2167231928,1
56559301.399437,5
143441924.75780207,5
25221780.725957777,11
46527.39602902152,10
165982.1392435529,12
386857.8959031093,10
358294.70138865744,14
38901.29712280363,12
26546.35018410842,4
113846.932538276,14
63353.401976603396,10
445421.04220407,4
286760.4495230665,10
199811.77930147288,1
83509.09335387337,10
30872.68114207737,10
60986.60419591988,10
74669.25278729117,10
334896.8287318744,4
156165.92504486995,10
152442.9430367688,4
321672.45995046303,10
77038.16414277007,10
438543.1768483395,10
68428.12430032568,4
176518.96204191895,10
166330.52436465397,10
114724.199291952,10
293531.47007737873,2
301476.011749004,10
69878.07437461407,10
64682.7084652662,4
132962.05475572805,4
257855.72956517793,10
108141.60261035968,10
4193423.7777827703,8
69175.50204465551,4
43563.40807086203,10
423156.15043681674,2
72534.29354664282,4
288608.81367944257,4
119929.05367372204,10
24751.73798291639,3
518131.7019338318,4
103376.32257359494,0
242201.00693824663,1
30302.498460829032,10
267044.4924370808,10
99617.09639556357,4
13884.089666006135,1
47599.616290506936,1
240448.28322005714,4
419439.2305908397,10
55871.96665827103,4
481568.47598447854,10
264720.82825296535,1
315568.64881392993,10
580407.5748951343,4
87912.84712226831,4
459011.5285979504,13
448181.4557856442,2
495290.8497333227,14
163747.79727028136,4
122076.5502360325,14
255085.53983162835,10
78124.6857392421,14
79939.1142429582,4
909957.1618040306,2
16615.891660085625,0
186518.35523332824,14
1305860.6443748334,2
342939.7994044994,2
411069.9981122375,4
429937.11622299225,14
25527.492881437163,10
828467.0197131502,2
81282.13374866253,14
286901.29938510153,10
64346.83469692483,12
218884.0016307105,4
328677.5271046563,10
150144.2681904885,4
221352.1557646946,8
441733.9501253283,2
47822.72227589421,1
1428721.9897272368,12
60250.83102223887,0
183689.92819466608,4
46968.0985257383,10
76846.03677695422,4
186119.5722010152,13
368150.1015632879,2
35375.40459811083,6
992176.1641105538,6
70298.58880038762,4
1187031.21569643,3
13629.534646377357,14
589476.8540334178,0
382315.71353041567,2
322970.6781829688,10
44024.84221852021,4
138833.43258286128,4
121413.23226843271,14
170240.0451878435,0
13966.423094525499,1
20436.271866382525,2
1095325.6637519924,2
213657.9150781967,4
15094.147668104257,1
752816.0863880741,8
92716.82302489471,13
239433.86172722606,4
89877.01884846287,4
408750.8685121277,4
129811.11097132872,4
444389.262795837,4
327906.8026837562,4
10445.33350281704,10
188366.7548222919,14
326526.95930701034,13
312114.02830404096,4
95289.06769522233,13
249111.2904936729,10
765455.0363902608,4
159419.7886001974,6
44934.969750967684,14
10631.241825838146,10
484691.5814648464,0
42192.76561053084,14
14239.3036685974,14
23572.941505992345,13
20126.743651621564,2
15151.474269903547,10
893796.9524632002,3
236147.96665253054,1
171693.90282004536,10
38360.33451398935,4
1300471.2157317905,1
120310.59967482943,4
91205.26932795504,13
233728.38965972723,4
280874.3910734362,1
235047.56475638231,14
142684.65525862458,10
149942.22578575893,5
1641883.0094612357,6
310812.0727095914,1
215635.21572585765,14
45986.45065327425,1
232431.04705654708,14
85684.18859071075,2
15161.049966596815,4
33669.49258453253,13
29194.899127273413,0
30560.96777498199,14
532029.6128947729,0
55976.41641026968,10
491762.43394931004,3
43633.275358848354,10
577431.8226767266,0
518086.6010350938,3
154954.55231486284,12
140122.53206363923,10
438141.4319283105,0
23447.745409479176,0
698678.3816559458,4
85331.50100816095,1
15414.340635525958,6
38181.30255146551,13
293290.7217417629,13
395253.6090248334,4
2652019.8410352147,11
1250452.5611430157,2
154372.694422239,0
18259.45054947914,0
485615.42675733607,10
167595.36402506602,0
245977.77521516685,1
244122.2611730072,0
101835.06827086612,13
118270.03542293531,0
89358.92360322956,14
71858.24387693855,13
221161.70714931306,10
123983.67658167415,14
950635.5987644196,8
597923854.1677024,5
403463.8968837828,3
706997.3038132461,2
74464.20681713049,1
304171.2417822391,0
124682.57727672868,3
114909.70864520725,14
267379.5571433203,10
537711.2092467522,6
120435.2756350231,4
122471.13770140633,1
382793.5739274078,3
381047.89600369264,14
1550438.6719227242,11
71341849.07577062,5
33387.78224586655,10
45875.83699453712,10
398037.6032138083,12
371857.9828972148,1
78642.72804848645,10
250967.74050164473,13
30543.004400773018,0
305946.7004143481,2
68286.5427660605,0
2627866.579012275,8
44386.149296287316,3
182269.1101930564,10
74290.46156104753,2
384304.8831038872,14
157262.917377623,4
391734.12329769984,1
114226.07901709943,0
14114.682235182963,4
500566.01226163376,8
145909.83989480304,4
165368.0638630996,0
282390.3124003367,10
112127.11594947935,0
486854.2418559156,13
229703.77497858292,4
269242.4125910353,12
404804.1675007204,1
159347.57130709948,0
21547.97814976247,12
207505.42372272885,3
701141.5978299895,4
305931.32696766604,14
84350.00410560759,6
21363.566663983464,4
363061.80607642996,2
750147.3348889712,2
427511.537138965,10
110715.26051717268,10
55148.821334299384,10
359462.1399196877,13
445774.04116030707,12
801674.8117107182,3
186815.7965987589,14
33328.6005337277,4
493100.9781475219,0
201011.77306910572,10
20746.734955367552,6
319824.21870127204,13
2925387.9929647734,7
35131.66708781442,10
4946237.994070131,6
1624032.1840289442,8
131860.00049020333,10
41494.555509207625,1
259848.46457836282,14
193748.3175575119,1
56157.61133276839,3
243360.1122882621,10
23657.70291287687,13
424352.13200263184,1
137854.45731557524,3
524012.5318444663,14
574647.1781206559,6
82992.79052455678,4
224221.2929246535,0
275336.8146009443,14
98777.79564815077,4
10107.10297500504,13
3182290.356087825,8
840278.5522244377,2
13541.528790487124,13
765000.7443110665,12
298120.52366160165,4
21958.58221235753,1
279937768.7644358,9
150757.37722768006,0
29928.390649025827,6
50322.38824596375,2
438923.84672272805,4
491150.48396172654,10
450646.2544835012,13
115223.79678549843,0
812943.6356216717,2
48370.63486883035,4
411466.1459439909,10
311681.6496563604,3
215109.01261697232,0
618724.0381919544,3
300936.5327879994,1
289205.69429959066,14
84069.5323783938,14
316491.1826415707,13
41905.12206170351,4
52402.1985114837,0
53451.886394980145,1
402797.81671856466,1
7456320.4283525655,6
89497.5838111406,3
55402.57914870352,4
118594.43680298474,10
325304.8018399711,7
159446.82140672323,4
6092498.994514199,11
299896.98215373774,13
18162.59064329341,0
375549.00331808015,13
463254.40074167796,4
160130.36880495935,1
20790.6080474782,10
316513.6189142112,1
981079.9218567619,12
1320568.0093016103,12
236172.06963123113,13
739663.1537263631,0
1907483.9065632941,13
15059.351370946646,3
151189.12343751345,0
67408.2624455668,12
360320.42029200244,2
574134.5065364296,8
25089.93462663415,0
89409.93636959167,10
110701.09903834011,14
85514.34224195113,4
16080.511478686709,1
235984.4094453149,0
1529363.9154345163,12
37340.394829774414,14
295419.5800991356,2
533251.147208247,4
5313567.527409262,6
95612.20523082481,0
975045.4710927395,12
143695.43333890464,3
233886.2256683752,3
67654.45376355722,13
587005.187816058,10
126397.82741653197,3
40875.14861741911,1
22204.598180987894,2
106661.56271068336,1
544081.0367468764,10
46101.11906949285,10
1298229.990006965,2
3098793.201717598,7
132523.95579522155,2
16277.607229722384,10
41925.557667901536,2
95785.45467348583,4
3761327.3166352636,12
40382.399326433704,6
124602.41732529287,14
115330.62473802916,4
149795.54715060006,3
338248.6145106994,4
94581.04336506262,1
191402.603539442,4
317031.1380222391,0
155140.28698644962,14
53563.517997058676,1
3985920.7687494988,8
39160.3779330261,10
147570.45369094773,0
4105311.230406727,8
463106.0379994341,3
161021.8353694794,0
104382.57822707677,10
361469.1716294437,13
310365.162738393,10
235072.2265439253,1
22666.280993296386,2
774724.4457858496,2
21534.283785177056,3
275683.6147066849,14
458066.5057615052,0
14135.187581780136,14
14274.583858977683,6
425740.1759162031,13
580808.4015447225,2
14110.272401686894,13
520759.10430227045,2
24665.521882238743,0
206479.04130267462,10
360921.28508342383,13
133446.03805154606,14
161241.90972471196,10
778883.6494451255,6
2092680.0989805104,8
27662.45799581791,14
317360.6992842817,13
286466.4925749981,7
344614.46757939074,8
564365.2289193311,0
144246.37800061936,14
2349193.3538269405,11
520420.3795435873,4
8289142.94541405,11
293648.3300927647,14
133565.33451347565,0
67362.89949113788,13
43372.5094946141,12
16214.744284081404,2
88033.32776079648,14
49233.23105784713,12
188805.85230070056,6
513703.11477482546,12
276028.2210077657,10
177944.96179121645,10
338635.38218606217,13
348579.7607944377,0
450105.5732754853,13
318915.7972198645,14
5870481.978996719,11
51780.59697396052,3
428312.3191140843,14
246161.32597173547,2
200383.80819629377,4
319956.6950358675,13
29273.167552189694,2
189587.56294830755,1
145725.72186573158,4
304530.40991048067,1
657927.2528462466,4
315158.1174266329,6
202903.40290592704,10
1115051.343745224,8
175351.47189269908,0
286158.3536183145,14
642212.2681731406,4
5066891.244435472,8
48211.57065670131,0
178269.66498101654,14
45465.28985339853,3
190354.87184140884,6
79749.23973025336,14
416356.50725887116,14
34056.17422561952,3
74544.82264820341,4
1194382.9373428214,12
505155.5256829619,10
433993.4171283491,10
23610.74708969339,13
68179.99202596786,0
367249.7030622842,6
853193.8424843863,2
76480.79196161334,14
65842.16908215164,6
18462.094411683403,10
224630.7347562389,0
168732.67029583827,3
272738.86595213093,10
502229.44183110725,0
130593.12035447793,4
24495.144544991937,10
